time,class
0,0
2.073514,4
3.296367,0

